PHENO,V(G),SE(V(G)),V(e),SE(V(e),Vp,SE(vp),V(G)_to_Vp,SE(V(G)_to_Vp),logL,logL0,LRT,df,Pval,n
1_BACT,0.129869,0.329730,0.111026,0.332334,0.240895,0.047331,0.539109,1.371117,8.850,8.765,0.170,1,0.3403,53
2_ATF5.25-50,0.000000,0.644020,0.376468,0.640235,0.376469,0.079730,0.000001,1.710688,-2.976,-2.969,0.000,1,0.5,45
3_ATF5.50-75,0.872491,2.022268,0.000001,2.048170,0.872491,0.187713,0.999999,2.347496,-21.476,-21.792,0.633,1,0.2131,44
4_ENO1,0.256219,0.813953,0.000000,0.827386,0.256219,0.050303,0.999999,3.229209,4.766,4.549,0.432,1,0.2554,53
5_FOXO3A.<25,0.910272,2.488745,0.000001,2.510722,0.910273,0.187568,0.999999,2.758209,-24.043,-24.237,0.388,1,0.2667,48
6_FOXO3A.25-50,1.041807,1.760298,0.000001,1.739941,1.041808,0.245583,0.999999,1.670118,-20.684,-20.701,0.035,1,0.4259,37
7_FOXO3A.50-75,0.000001,1.595921,0.559154,1.617278,0.559154,0.111651,0.000001,2.854168,-12.584,-12.582,0.000,1,0.5,53
8_HOXD1,0.000001,1.297698,0.896967,1.305673,0.896968,0.177390,0.000001,1.446760,-24.785,-24.785,0.000,1,0.5,52
9_KLF3,0.562576,1.925765,0.000001,1.962044,0.562577,0.111468,0.999999,3.487602,-16.579,-16.720,0.281,1,0.2982,52
10_TBX19,0.000000,0.546462,0.304846,0.553225,0.304847,0.060036,0.000001,1.792580,3.032,3.032,0.000,1,0.5,53
11_TUBA,0.000000,1.497526,0.268531,1.518121,0.268531,0.063179,0.000001,5.576730,5.138,5.145,0.000,1,0.5,42
12_ZNF266.50-75,0.403514,2.038947,0.000000,2.062260,0.403514,0.079277,0.999999,5.110749,-7.314,-7.297,0.000,1,0.5,53
13_ZNF266.75-100,0.000000,0.941732,0.388046,0.955373,0.388046,0.077126,0.000001,2.426856,-3.170,-3.169,0.000,1,0.5,53
14_ZSCAN23,0.572637,1.752086,0.000001,1.783709,0.572638,0.112426,0.999999,3.114898,-16.429,-16.692,0.524,1,0.2345,53
15_BNC2.100-200kDa,0.793192,1.678611,0.000001,1.731302,0.793193,0.160083,0.999999,2.182699,-24.940,-25.529,1.179,1,0.1388,50
16_BNC2.70kDa,0.000001,6.717784,1.209386,6.769550,1.209387,0.257241,0.000001,5.554703,-29.376,-29.348,0.000,1,0.5,49
17_CECR6,0.136159,0.432790,0.219063,0.438796,0.355221,0.069824,0.383306,1.221141,-1.208,-1.277,0.139,1,0.3547,53
18_FOXF2,0.592979,1.223923,0.000001,1.225633,0.592980,0.116310,0.999999,2.066904,-14.722,-14.803,0.162,1,0.3438,53
19_HLXB9.50kDa,0.386192,0.932188,0.309348,0.938293,0.695540,0.140709,0.555241,1.341356,-17.721,-17.853,0.263,1,0.304,50
20_HLXB9.60kDa,0.507789,0.537959,0.000001,0.529827,0.507789,0.099587,0.999999,1.043401,-10.600,-11.105,1.011,1,0.1573,53
21_INSM1,0.000000,0.477988,0.335879,0.478423,0.335879,0.065637,0.000001,1.423097,0.094,0.096,0.000,1,0.5,53
22_MED12.50kDa,0.084010,0.626825,0.255922,0.636557,0.339932,0.067141,0.247138,1.849124,-0.022,-0.030,0.014,1,0.4525,53
23_MED12.70kDa,0.176381,0.610622,0.150962,0.615690,0.327343,0.065043,0.538826,1.871128,0.831,0.810,0.042,1,0.4185,52
24_SIM2.55kDa,0.807292,1.186994,0.000001,1.181221,0.807293,0.158331,0.999999,1.463188,-22.672,-22.849,0.354,1,0.276,53
25_SIM2.70kDa,0.000000,1.600397,0.506014,1.620167,0.506014,0.103236,0.000001,3.162752,-9.596,-9.593,0.000,1,0.5,51
26_SOX13,0.456117,0.796456,0.157898,0.796390,0.614015,0.120498,0.742844,1.294209,-15.515,-15.681,0.333,1,0.2819,53
27_SP100.50kDa,0.797498,1.489264,0.000001,1.512853,0.797499,0.157959,0.999999,1.896997,-22.987,-23.486,0.998,1,0.1589,52
28_SP100.90kDa,0.000001,2.499392,1.035023,2.544317,1.035024,0.216790,0.000001,2.414816,-26.182,-26.182,0.000,1,0.5,48
29_TADA2L,0.594554,2.732604,0.000001,2.760422,0.594554,0.116759,0.999999,4.642843,-16.480,-16.517,0.074,1,0.3928,53
30_TFAP2B,0.000001,1.534146,1.215034,1.570549,1.215036,0.279242,0.000001,1.262634,-24.497,-24.497,0.000,1,0.5,39
31_ZFP161,0.000000,0.943661,0.397614,0.950225,0.397615,0.078295,0.000001,2.373305,-3.842,-3.841,0.000,1,0.5,53
32_PRKCBP1,0.000000,0.413812,0.323487,0.408846,0.323488,0.062938,0.000001,1.279219,0.295,0.316,0.000,1,0.5,53
33_ZNF200,0.000000,1.000044,0.418899,1.010740,0.418899,0.082849,0.000001,2.387313,-5.125,-5.124,0.000,1,0.5,53
34_ZNF703,0.317249,0.417837,0.000000,0.432443,0.317249,0.062246,0.999999,1.363102,-0.962,-2.320,2.716,1,0.04968,53
35_TNRC5,0.000001,1.526939,0.524744,1.540358,0.524744,0.105036,0.000001,2.909872,-10.709,-10.707,0.000,1,0.5,52
36_CTNNB1,0.000001,1.563784,0.745939,1.587437,0.745940,0.152055,0.000001,2.096394,-19.124,-19.124,0.000,1,0.5,50
37_EOMES,0.115014,0.622713,0.522531,0.639874,0.637545,0.129106,0.180401,0.978553,-15.495,-15.524,0.059,1,0.4042,50
38_ESRRG,0.000001,3.360521,1.042014,3.419017,1.042015,0.213116,0.000001,3.225022,-28.460,-28.460,0.000,1,0.5,52
39_HIC1,0.975721,3.023929,0.000001,3.030172,0.975722,0.207818,0.999999,3.105570,-23.667,-23.685,0.036,1,0.4247,45
40_HIPK2,0.000001,2.971605,1.211774,3.019374,1.211775,0.243670,0.000001,2.452275,-32.224,-32.223,0.000,1,0.5,52
41_IKZF3,0.000001,2.476338,0.531474,2.479958,0.531474,0.105499,0.000001,4.659375,-11.235,-11.235,0.000,1,0.5,52
42_FBXL10,0.613483,2.183371,0.000001,2.200606,0.613484,0.122664,0.999999,3.587064,-15.703,-15.783,0.159,1,0.3452,51
43_LIMA1,0.617122,2.551225,0.000001,2.565171,0.617123,0.129852,0.999999,4.156661,-14.227,-14.237,0.020,1,0.4441,46
44_CRSP6,0.045582,0.881306,0.668807,0.904692,0.714389,0.143513,0.063805,1.234788,-18.583,-18.585,0.004,1,0.474,51
45_MIER3,0.000001,2.650387,0.765309,2.683448,0.765310,0.154054,0.000001,3.463156,-20.603,-20.599,0.000,1,0.5,53
46_NOBOX,1.135547,2.443792,0.000001,2.471138,1.135549,0.236531,0.999999,2.176162,-28.713,-29.001,0.575,1,0.2242,47
47_PAX6,0.486818,1.303979,0.000001,1.311968,0.486818,0.098309,0.999999,2.694986,-9.395,-9.508,0.226,1,0.3173,50
48_PRMT3,0.000001,0.787856,0.727658,0.797987,0.727659,0.143970,0.000001,1.082727,-19.425,-19.425,0.000,1,0.5,52
49_SAP30BP,0.113513,0.384066,0.244501,0.390898,0.358015,0.070358,0.317063,1.074970,-1.392,-1.461,0.138,1,0.3553,53
50_TRIM13.25kDa,0.760639,1.759378,0.000001,1.766407,0.760640,0.150643,0.999999,2.322266,-20.923,-21.009,0.172,1,0.339,52
51_TRIM13.50kDa,1.077476,1.223078,0.000001,1.203903,1.077477,0.215495,0.999999,1.117335,-29.050,-29.349,0.600,1,0.2194,51
52_MDS032,0.000001,6.740983,1.529101,6.805338,1.529102,0.346510,0.000001,4.408458,-30.565,-30.559,0.000,1,0.5,42
53_VPS72,0.000001,0.582659,0.498223,0.579097,0.498224,0.097159,0.000001,1.169473,-10.550,-10.541,0.000,1,0.5,53
54_WHSC1,0.321974,0.534320,0.084213,0.533298,0.406187,0.079698,0.792675,1.311051,-4.778,-4.972,0.388,1,0.2666,53
55_ZMYM6,0.000000,0.508764,0.374000,0.503322,0.374000,0.072763,0.000001,1.360329,-3.408,-3.389,0.000,1,0.5,53
56_ZNF17,0.000001,1.577851,0.697499,1.596571,0.697500,0.139260,0.000001,2.262154,-18.084,-18.083,0.000,1,0.5,52
57_ZNF271.50kDa,0.572240,0.772784,0.000001,0.765207,0.572240,0.112226,0.999999,1.337212,-13.704,-13.797,0.186,1,0.333,53
58_ZNF271.75kDa,0.000001,1.795974,0.717480,1.814735,0.717481,0.143400,0.000001,2.503166,-18.754,-18.753,0.000,1,0.5,52
59_ZNF491,0.647906,0.944850,0.000001,0.941498,0.647907,0.127074,0.999999,1.453137,-16.973,-17.156,0.365,1,0.2728,53
60_ZNF613,0.766546,1.763070,0.000001,1.812580,0.766547,0.159485,0.999999,2.364605,-22.333,-22.828,0.990,1,0.1598,47
61_AFF2,0.000001,5.126842,1.468215,5.178462,1.468216,0.314798,0.000001,3.491885,-32.701,-32.699,0.000,1,0.5,46
62_APTX,0.280303,1.910031,1.020452,1.944989,1.300754,0.284790,0.215492,1.471484,-28.465,-28.478,0.027,1,0.4343,43
63_ATXN2,0.000001,1.130645,0.803681,1.139518,0.803682,0.159026,0.000001,1.406832,-21.948,-21.948,0.000,1,0.5,52
64_BAZ1A.170kDa,0.090435,0.974933,0.387785,0.990812,0.478220,0.096524,0.189108,2.043462,-8.593,-8.596,0.006,1,0.469,51
65_BAZ1A.40kDa,0.000001,2.303618,0.741028,2.333909,0.741029,0.149860,0.000001,3.108675,-19.520,-19.518,0.000,1,0.5,52
66_CHD1L,0.128161,0.543999,0.365765,0.554855,0.493925,0.099006,0.259474,1.103632,-9.421,-9.465,0.087,1,0.3839,51
67_EBF2,0.000001,1.274107,0.551359,1.300192,0.551360,0.145941,0.000001,2.310846,-7.561,-7.561,0.000,1,0.5,30
68_FOXD2,0.000001,5.219317,1.381252,5.281855,1.381253,0.327683,0.000001,3.778682,-26.033,-26.031,0.000,1,0.5,38
69_GTF2A1,0.896643,1.712565,0.000001,1.715452,0.896644,0.184897,0.999999,1.913191,-23.194,-23.339,0.291,1,0.2948,48
70_HCFC1,0.000000,1.191778,0.463646,1.213528,0.463646,0.093653,0.000001,2.570448,-7.854,-7.854,0.000,1,0.5,52
71_HMX1,0.030485,0.865183,0.820141,0.897388,0.850625,0.193054,0.035838,1.017621,-18.200,-18.201,0.002,1,0.4815,40
72_HTT,0.719887,1.414698,0.000001,1.432481,0.719887,0.149891,0.999999,1.989868,-18.297,-18.715,0.837,1,0.1801,47
73_IGHMBP2,0.000001,3.900129,1.275768,3.967673,1.275769,0.334467,0.000001,3.057080,-20.306,-20.305,0.000,1,0.5,31
74_MAGEA9,1.119649,7.234390,0.000001,7.353655,1.119650,0.268470,0.999999,6.567815,-26.503,-26.531,0.056,1,0.4063,42
75_MSL3L1,1.108290,10.903797,0.000002,11.133683,1.108292,0.348746,0.999999,10.045804,-21.392,-20.668,0.000,1,0.5,27
76_PURA,0.000001,2.461863,0.859019,2.476554,0.859020,0.171104,0.000001,2.865898,-23.372,-23.371,0.000,1,0.5,52
77_REL,0.050114,1.741291,0.748953,1.773268,0.799067,0.168500,0.062716,2.181087,-19.787,-19.788,0.000,1,0.4919,47
78_TAF15,0.675650,1.840718,0.000001,1.858409,0.675650,0.133806,0.999999,2.750549,-18.432,-18.607,0.350,1,0.2771,52
79_ZNF132,0.315080,1.336690,0.417834,1.351237,0.732914,0.145762,0.429900,1.829714,-19.694,-19.718,0.050,1,0.4116,52
80_ZNF253,0.000001,1.340213,0.749697,1.336241,0.749698,0.171054,0.000001,1.787670,-15.714,-15.710,0.000,1,0.5,39
81_ZNF498,1.643593,6.665541,0.000002,6.748713,1.643594,0.396964,0.999999,4.106070,-29.166,-29.227,0.121,1,0.3641,37
82_ZNF569,0.442935,1.892820,0.000001,1.941365,0.442935,0.088502,0.999998,4.382951,-18.582,-16.933,0.000,1,0.5,51
83_ZNF683,1.071526,4.998710,0.000001,5.163277,1.071528,0.308406,0.999999,4.818613,-20.230,-20.048,0.000,1,0.5,28
84_ZNF778,0.000001,0.995377,0.759861,0.990999,0.759862,0.151157,0.000001,1.309944,-20.652,-20.646,0.000,1,0.5,51
85_SFRS17A,0.572720,1.657698,0.000001,1.676562,0.572720,0.114532,0.999999,2.927366,-14.274,-14.464,0.381,1,0.2686,51
86_ARID3B,0.459601,0.815034,0.165960,0.815083,0.625561,0.123961,0.734702,1.300002,-15.718,-15.859,0.281,1,0.2981,52
87_ATG4B,0.429297,0.665412,0.000000,0.663062,0.429297,0.084197,0.999999,1.544528,-6.261,-6.386,0.251,1,0.3081,53
88_BLZF1,0.000000,0.575376,0.383237,0.586986,0.383237,0.077033,0.000001,1.501358,-2.919,-2.919,0.000,1,0.5,51
89_CIAO1,0.535073,2.904304,0.000001,2.949709,0.535073,0.118381,0.999999,5.512719,-11.924,-11.980,0.111,1,0.3692,48
90_ELF4,0.517032,0.780708,0.000001,0.778176,0.517033,0.104452,0.999999,1.505081,-10.554,-10.740,0.371,1,0.2712,50
91_FOXJ1,0.541241,2.549746,0.000001,2.580705,0.541242,0.109212,0.999999,4.768120,-14.168,-14.184,0.031,1,0.43,50
92_GZF1,0.491942,1.063611,0.000001,1.072440,0.491943,0.097431,0.999999,2.180008,-10.082,-10.335,0.508,1,0.2381,52
93_MANSC1,0.322569,0.900200,0.000000,0.907976,0.322569,0.064504,0.999999,2.814823,0.476,0.347,0.259,1,0.3055,51
94_MBD1,0.505562,1.159278,0.000001,1.171791,0.505562,0.100139,0.999999,2.317798,-11.028,-11.331,0.607,1,0.2179,52
95_MTF2,0.000000,0.821341,0.406091,0.825036,0.406091,0.084627,0.000001,2.022553,-4.226,-4.226,0.000,1,0.5,47
96_MYB,0.541100,0.911895,0.000001,0.906893,0.541101,0.109316,0.999999,1.676017,-11.626,-11.651,0.051,1,0.4108,50
97_BTBD14A,0.525818,1.335113,0.000001,1.352649,0.525818,0.107255,0.999999,2.572464,-11.782,-12.045,0.526,1,0.2342,49
98_NFIX,0.570640,1.525371,0.000001,1.537249,0.570641,0.112998,0.999999,2.693900,-13.912,-14.046,0.269,1,0.3021,52
99_NR2C1,0.000000,0.561085,0.481144,0.567883,0.481144,0.101334,0.000001,1.166146,-8.010,-8.010,0.000,1,0.5,46
100_RCOR1,0.000000,2.766269,0.408568,2.807632,0.408569,0.092159,0.000001,6.770634,-3.842,-3.831,0.000,1,0.5,51
101_RRN3,0.376859,1.945507,0.142813,1.971075,0.519671,0.128985,0.725187,3.777845,-7.841,-7.857,0.033,1,0.4283,35
102_RUFY3,0.325894,2.385653,0.000000,2.425672,0.325894,0.076059,0.999999,7.443124,-1.746,-1.715,0.000,1,0.5,48
103_RUNX2,0.241819,0.449706,0.000000,0.464076,0.241820,0.047460,0.999999,1.919101,5.125,4.332,1.587,1,0.1039,53
104_TBX10,0.000000,0.583539,0.415799,0.582954,0.415800,0.082805,0.000001,1.403415,-5.396,-5.393,0.000,1,0.5,51
105_TBX21,0.458628,1.078543,0.000000,1.084067,0.458629,0.089969,0.999999,2.363714,-8.212,-8.358,0.291,1,0.2949,53
106_TBX5,0.596252,1.072856,0.000001,1.097494,0.596253,0.119241,0.999999,1.840652,-16.053,-16.748,1.391,1,0.1191,51
107_TCF21,0.391222,0.585280,0.000000,0.607094,0.391222,0.076771,0.999999,1.551786,-7.231,-8.368,2.273,1,0.0658,53
108_ZNF79,0.243678,0.467896,0.138826,0.469356,0.382504,0.077344,0.637061,1.221816,-3.092,-3.246,0.310,1,0.2889,50
109_ALX4,1.234166,1.983842,0.000001,1.974142,1.234167,0.421397,0.999999,1.599574,-11.849,-12.310,0.923,1,0.1684,18
110_CORO1A,0.000001,5.127177,1.032363,5.169444,1.032364,0.213824,0.000001,4.966443,-26.831,-26.813,0.000,1,0.5,51
111_DIDO1,0.000001,25.404619,1.502599,25.749858,1.502601,0.580261,0.000001,16.907100,-16.738,-16.595,0.000,1,0.5,25
112_FOXN2,0.835282,1.025916,0.000001,1.013146,0.835283,0.178066,0.999999,1.212938,-20.124,-20.455,0.662,1,0.208,45
113_GATAD2B,0.000001,1.891148,1.001797,1.899732,1.001798,0.239088,0.000001,1.887753,-19.393,-19.393,0.000,1,0.5,36
114_IKZF3,0.000001,2.474260,0.884769,2.457313,0.884770,0.190582,0.000001,2.796501,-21.216,-21.197,0.000,1,0.5,43
115_IKZF5,0.639384,2.667682,0.000001,2.728217,0.639385,0.140690,0.999999,4.266939,-18.988,-18.622,0.000,1,0.5,41
116_LIMA1,0.000001,1.322606,0.663038,1.339602,0.663038,0.137525,0.000001,1.994765,-15.643,-15.643,0.000,1,0.5,48
117_LSR,1.324454,24.320065,0.000001,24.733029,1.324455,0.586633,0.999999,18.674112,-14.776,-14.778,0.005,1,0.4725,21
118_NFKB1.150kDa,0.000001,1.620118,0.875703,1.602629,0.875704,0.184771,0.000001,1.850075,-21.971,-21.949,0.000,1,0.5,45
119_NFKB1.75kDa,0.000001,2.549115,0.895585,2.587793,0.895586,0.205850,0.000001,2.846311,-19.052,-19.051,0.000,1,0.5,40
120_PRMT3,0.966293,2.030572,0.000001,2.020616,0.966294,0.221638,0.999999,2.091098,-20.318,-20.334,0.031,1,0.4306,39
121_TANK,0.792653,1.897167,0.000001,1.896569,0.792654,0.172858,0.999999,2.392683,-18.222,-18.251,0.059,1,0.4038,43
122_TFCP2L1,0.169382,1.053812,0.906787,1.094084,1.076169,0.287962,0.157394,0.980378,-16.744,-16.766,0.045,1,0.4161,29
123_ZFP36L1,0.996689,1.768238,0.000001,1.753077,0.996690,0.212514,0.999999,1.758899,-24.002,-24.015,0.027,1,0.4351,45
124_ZMYM6,0.000001,1.501803,0.929976,1.532584,0.929977,0.185422,0.000001,1.614882,-25.564,-25.564,0.000,1,0.5,52
125_ZNF16,0.613224,1.623005,0.000001,1.647049,0.613224,0.143548,0.999999,2.685883,-12.203,-12.538,0.670,1,0.2065,37
126_ZNF415,0.000001,1.734978,0.997021,1.734053,0.997022,0.216650,0.000001,1.740160,-23.089,-23.088,0.000,1,0.5,43
127_ZNF441,0.919099,1.154441,0.283517,1.118357,1.202616,0.362646,0.764250,0.928315,-14.643,-15.103,0.921,1,0.1687,23
128_ZNF785.50kDa,0.900795,5.176813,0.000001,5.223108,0.900796,0.236986,0.999999,5.798325,-15.471,-15.493,0.043,1,0.4177,29
129_ZNF785.75kDa,0.660334,3.297463,0.000001,3.311969,0.660335,0.150597,0.999999,5.015590,-13.576,-13.582,0.013,1,0.4547,39
130_AFF2.150kDa,0.450194,0.656027,0.000000,0.659692,0.450195,0.088306,0.999999,1.465348,-7.766,-8.267,1.002,1,0.1584,53
131_AFF2.50kDa,0.672677,0.837121,0.000001,0.846954,0.672678,0.133208,0.999999,1.259079,-18.188,-19.085,1.795,1,0.09018,52
132_BTBD3,0.438123,1.363772,0.000000,1.379392,0.438123,0.085987,0.999999,3.148411,-7.940,-8.124,0.368,1,0.272,53
133_C3orf31,0.000001,2.453908,0.888156,2.498677,0.888157,0.191249,0.000001,2.762922,-21.685,-21.685,0.000,1,0.5,46
134_E4F1,0.049301,0.274551,0.198354,0.280746,0.247654,0.048707,0.199071,1.110856,8.228,8.203,0.051,1,0.4104,53
135_EBF1,0.000001,1.539018,0.595593,1.545708,0.595594,0.119326,0.000001,2.584005,-13.930,-13.929,0.000,1,0.5,51
136_EMX2.25kDa,0.000001,1.098424,0.673726,1.119120,0.673727,0.149411,0.000001,1.630369,-14.210,-14.210,0.000,1,0.5,42
137_EMX2.60kDa,0.945450,1.566699,0.000001,1.568039,0.945451,0.190988,0.999999,1.658510,-25.410,-25.635,0.450,1,0.2512,50
138_GTF2A2.50kDa,0.612516,1.588345,0.000001,1.622089,0.612516,0.123095,0.999999,2.648238,-17.338,-17.711,0.745,1,0.1941,51
139_GTF2A2.75kDa,0.000000,1.139207,0.495724,1.140517,0.495724,0.096958,0.000001,2.298066,-9.902,-9.902,0.000,1,0.5,53
140_HOXD10.25kDa,0.000001,1.700943,1.015343,1.699637,1.015344,0.204226,0.000001,1.675238,-27.156,-27.154,0.000,1,0.5,50
141_HOXD10.75kDa,1.109796,1.788605,0.000001,1.776993,1.109797,0.221961,0.999999,1.601186,-29.795,-29.988,0.386,1,0.2671,51
142_IRX1,0.404644,0.804680,0.070109,0.803204,0.474753,0.094983,0.852326,1.690807,-8.552,-8.583,0.060,1,0.403,51
143_KLHL12,0.454716,0.816245,0.000000,0.825275,0.454716,0.120987,0.999999,1.814923,-5.146,-5.617,0.942,1,0.1659,29
144_KLHL14,0.000001,28.020557,1.601868,28.269687,1.601869,0.567842,0.000001,17.492411,-17.287,-16.937,0.000,1,0.5,26
145_MPND,0.000001,2.865370,0.907986,2.916667,0.907987,0.234755,0.000001,3.155739,-15.695,-15.695,0.000,1,0.5,32
146_NKX3-2,0.619650,2.453059,0.000001,2.482654,0.619650,0.121669,0.999999,4.006541,-17.691,-17.809,0.238,1,0.3129,53
147_SCML1,0.548614,1.196483,0.000001,1.211228,0.548615,0.107640,0.999999,2.207793,-13.460,-13.849,0.778,1,0.1888,53
148_SPHK2,0.467051,2.161110,0.000001,2.205689,0.467051,0.103779,0.999999,4.722584,-10.103,-10.188,0.170,1,0.3401,47
149_ZBTB6,0.000001,2.336805,1.304758,2.343975,1.304760,0.284042,0.000001,1.790985,-28.594,-28.594,0.000,1,0.5,43
150_ZFP28,0.601874,2.129219,0.000001,2.158601,0.601875,0.118168,0.999999,3.586463,-17.070,-17.213,0.285,1,0.2967,53
151_ZNF174,0.723147,1.667807,0.000001,1.674492,0.723148,0.141854,0.999999,2.315559,-19.986,-20.058,0.144,1,0.3521,53
152_ZNF207,0.287662,0.948633,0.519654,0.962847,0.807316,0.160211,0.356319,1.177520,-22.138,-22.203,0.129,1,0.36,52
153_ZNF219,0.000001,2.076564,0.627997,2.102337,0.627998,0.129669,0.000001,3.306642,-14.701,-14.699,0.000,1,0.5,50
154_ZNF238,0.523603,1.201523,0.000001,1.228672,0.523604,0.102769,0.999999,2.346568,-13.978,-14.462,0.967,1,0.1627,53
155_ZNF619,0.007899,0.691819,0.439167,0.707861,0.447066,0.088338,0.017669,1.547887,-7.061,-7.061,0.000,1,0.495,53
156_LOC91664.100kDa,0.516515,0.800907,0.000001,0.797753,0.516516,0.101303,0.999999,1.544490,-11.064,-11.182,0.235,1,0.3139,53
157_LOC91664.60kDa,0.410509,0.711533,0.000000,0.728984,0.410510,0.080551,0.999999,1.775802,-7.070,-7.854,1.566,1,0.1054,53
158_AFF1.150kDa,0.431497,1.473726,0.000000,1.497157,0.431498,0.084724,0.999999,3.469676,-8.919,-9.098,0.358,1,0.2749,53
159_AFF1.50kDa,0.000001,0.888078,0.599826,0.907933,0.599827,0.119486,0.000001,1.480558,-14.401,-14.401,0.000,1,0.5,52
160_AFF3.150kDa,0.000000,0.316387,0.224779,0.311212,0.224779,0.043619,0.000001,1.407546,9.309,9.352,0.000,1,0.5,53
161_AFF3.50kDa,0.229665,0.487396,0.124735,0.489362,0.354400,0.069589,0.648038,1.375677,-1.210,-1.320,0.221,1,0.3192,53
162_C14orf169,0.345138,0.475814,0.067449,0.472967,0.412588,0.080935,0.836521,1.145179,-5.189,-5.468,0.557,1,0.2276,53
163_C19orf6,0.000001,1.057999,0.756917,1.064011,0.756918,0.151118,0.000001,1.397772,-20.116,-20.116,0.000,1,0.5,51
164_ErbB3_1B2_,0.000000,0.325535,0.138351,0.330965,0.138351,0.027537,0.000001,2.352964,23.568,23.569,0.000,1,0.5,53
165_FOXO4,0.377334,0.810718,0.000000,0.812833,0.377334,0.074015,0.999999,2.154145,-3.010,-3.127,0.234,1,0.3144,53
166_IGHMBP2,0.000000,0.397344,0.476439,0.410187,0.476440,0.093506,0.000001,0.833986,-8.683,-8.683,0.000,1,0.5,53
167_KLHL12,0.489660,0.827318,0.000000,0.825678,0.489660,0.096038,0.999999,1.686227,-9.691,-9.813,0.243,1,0.3111,53
168_NCKAP1L.150kDa,0.344149,1.286289,0.696973,1.306695,1.041122,0.206711,0.330556,1.238480,-28.619,-28.668,0.099,1,0.3768,52
169_NCKAP1L.75kDa,0.976774,1.566800,0.000001,1.571668,0.976775,0.193445,0.999999,1.609038,-27.291,-27.602,0.623,1,0.215,52
170_ONECUT2,0.694109,2.416977,0.000001,2.496955,0.694109,0.167296,0.999999,3.597351,-18.242,-18.315,0.148,1,0.3504,39
171_FAK,0.000001,0.911853,0.713075,0.903341,0.713076,0.138861,0.000001,1.278760,-20.068,-20.054,0.000,1,0.5,53
172_SEMA4A,0.573809,1.640166,0.560561,1.654540,1.134370,0.227343,0.505839,1.448846,-30.274,-30.334,0.119,1,0.3651,51
173_WDR60,0.000000,0.408041,0.377494,0.407241,0.377494,0.073707,0.000001,1.080920,-3.157,-3.152,0.000,1,0.5,53
174_ZNF154,0.000001,7.393454,1.007697,7.493708,1.007698,0.232286,0.000001,7.336976,-24.953,-24.923,0.000,1,0.5,49
175_ZNF498,0.859511,4.264891,0.000001,4.331178,0.859512,0.179239,0.999999,5.039112,-25.734,-25.554,0.000,1,0.5,46
176_ZNF573,1.025845,1.461426,0.000001,1.445770,1.025846,0.209401,0.999999,1.409344,-26.752,-26.830,0.157,1,0.3462,49
177_ZNF579,0.520411,1.098388,0.000001,1.100693,0.520412,0.103157,0.999999,2.115041,-11.151,-11.192,0.083,1,0.3864,52
178_ZNF619,0.000001,1.126953,0.785006,1.134941,0.785007,0.158420,0.000001,1.435595,-20.589,-20.589,0.000,1,0.5,50
179_ZNF683,0.986469,1.778214,0.000001,1.796677,0.986470,0.197284,0.999999,1.821320,-27.405,-27.783,0.756,1,0.1923,51
180_ZNF778,1.001928,4.144227,0.000001,4.195343,1.001929,0.220398,0.999999,4.187265,-24.383,-24.422,0.078,1,0.3901,45
181_ZSCAN21.10kDa,0.272321,1.122221,0.000000,1.142059,0.272321,0.053505,0.999999,4.193793,1.025,1.085,0.000,1,0.5,53
182_ZSCAN21.60kDa,0.000000,0.753884,0.385473,0.761700,0.385473,0.075913,0.000001,1.955737,-3.056,-3.056,0.000,1,0.5,53
183_GAB1.Ab-12.115kDa,0.000001,3.320168,0.956126,3.320474,0.956127,0.231041,0.000001,3.472519,-18.160,-18.159,0.000,1,0.5,35
184_GAB1.Ab-12.77kDa,0.000001,17.905323,1.188162,18.168195,1.188163,0.419951,0.000001,15.069749,-17.070,-17.030,0.000,1,0.5,29
185_GAB1.Ab-9.115kDa,0.363993,3.045124,0.458580,3.090752,0.822574,0.170594,0.442505,3.725172,-22.254,-22.260,0.012,1,0.456,51
186_GAB1.Ab-9.77kDa,0.000001,2.378189,0.980007,2.370804,0.980008,0.212323,0.000001,2.426705,-22.890,-22.886,0.000,1,0.5,43
187_p-GAB1.Y659.Ab-13.115kDa,0.000000,0.361952,0.278760,0.353863,0.278760,0.054036,0.000001,1.298436,3.226,3.299,0.000,1,0.5,53
188_p-GAB1.Y659.Ab-13.77kDa,0.000000,1.003876,0.328709,1.015983,0.328710,0.065681,0.000001,3.053990,1.303,1.306,0.000,1,0.5,53
189_p-GAB1.Y627.Ab-6.115kDa,0.208177,0.401031,0.068754,0.401317,0.276931,0.054353,0.751729,1.446421,5.186,5.098,0.176,1,0.3374,53
190_p-GAB1.Y627.Ab-6.77kDa,0.245342,1.509801,0.000000,1.530804,0.245342,0.048267,0.999999,6.239461,1.994,2.497,0.000,1,0.5,53
191_GAB1[Y423].115kDa,0.000000,0.444654,0.258733,0.449558,0.258733,0.050880,0.000001,1.718582,7.267,7.268,0.000,1,0.5,53
192_GAB1[Y423].76kDa,0.240870,0.645038,0.000000,0.655351,0.240870,0.047706,0.999999,2.720759,6.897,6.549,0.697,1,0.2019,52
193_Met._c-Met_.135kDa,0.345560,0.928066,0.273245,0.932070,0.618805,0.142062,0.558432,1.499060,-11.826,-11.900,0.149,1,0.3497,39
194_Met._c-Met_.156kDa,0.963335,1.791664,0.000001,1.822436,0.963336,0.217966,0.999999,1.891798,-21.626,-22.177,1.102,1,0.1469,40
195_c-Myc,0.000000,1.513853,0.365797,1.533554,0.365797,0.074678,0.000001,4.138507,-1.309,-1.304,0.000,1,0.5,53
196_PI3K_p85_,0.000000,1.145429,0.466463,1.150594,0.466464,0.092511,0.000001,2.455560,-7.960,-7.960,0.000,1,0.5,52
197_PLCgamma1,0.079885,0.371664,0.188536,0.377627,0.268421,0.052832,0.297612,1.388364,6.102,6.072,0.060,1,0.4033,53
198_PLCgamma2,0.000000,0.533653,0.422725,0.519239,0.422726,0.081854,0.000001,1.262410,-8.053,-7.944,0.000,1,0.5,53
199_PKCzeta_C24_,0.334010,0.679286,0.000000,0.681548,0.334010,0.065517,0.999999,2.040502,0.126,-0.016,0.284,1,0.297,53
200_RAC1-2-3,0.000001,0.420496,0.608321,0.415532,0.608322,0.122286,0.000001,0.691240,-15.409,-15.384,0.000,1,0.5,50
201_Raf_c-_,0.391857,1.154845,0.000000,1.168254,0.391858,0.076903,0.999999,2.981322,-4.976,-5.168,0.383,1,0.2679,53
202_RhoC,0.421913,0.766674,0.000000,0.785997,0.421913,0.086661,0.999999,1.862935,-6.822,-7.477,1.311,1,0.1261,50
203_SMC1A,0.196349,0.258512,0.000000,0.256548,0.196349,0.038508,0.999999,1.306593,14.095,13.838,0.513,1,0.2369,53
204_Src.A069,0.000000,0.453410,0.487212,0.461362,0.487212,0.095474,0.000001,0.930620,-9.343,-9.343,0.000,1,0.5,53
205_Src.A070,0.000001,1.006740,0.552757,1.022416,0.552757,0.109124,0.000001,1.821306,-12.440,-12.440,0.000,1,0.5,53
206_Src.A071,0.000001,0.801760,0.698414,0.787262,0.698415,0.135769,0.000001,1.147971,-20.111,-20.072,0.000,1,0.5,53
207_Src.A072,0.000001,1.527717,0.907664,1.499664,0.907665,0.182652,0.000001,1.683129,-25.477,-25.409,0.000,1,0.5,49
208_Stat5,0.000000,0.774851,0.480287,0.766666,0.480288,0.096147,0.000001,1.613306,-9.491,-9.471,0.000,1,0.5,50
209_p53,0.779062,2.796683,0.000001,2.823843,0.779062,0.164486,0.999999,3.624668,-19.810,-19.895,0.170,1,0.34,46
210_MRP5,0.105827,1.001965,0.329074,1.016584,0.434902,0.086244,0.243336,2.310545,-6.427,-6.428,0.002,1,0.4818,53
211_Collagen.Type.V._COL5A2_.140kDa,0.000001,1.205572,0.505472,1.213939,0.505473,0.102495,0.000001,2.385039,-9.599,-9.598,0.000,1,0.5,50
212_Collagen.Type.V._COL5A2_.220kDa,0.000001,1.726871,1.027214,1.760636,1.027215,0.211108,0.000001,1.681120,-26.508,-26.508,0.000,1,0.5,49
213_CRKL,0.000000,0.609010,0.319232,0.614460,0.319233,0.063382,0.000001,1.907730,1.744,1.744,0.000,1,0.5,52
214_p-EF2k_S366_,0.000001,0.654585,0.572898,0.651101,0.572899,0.111754,0.000001,1.142584,-14.143,-14.136,0.000,1,0.5,53
215_p-4E-BP1._S65_,0.644867,1.390473,0.000001,1.407925,0.644868,0.128954,0.999999,2.183277,-17.061,-17.413,0.704,1,0.2007,51
216_p-4E-BP1._T37-46_.10kDa,0.148034,0.381438,0.000000,0.384589,0.148034,0.029044,0.999999,2.597972,20.909,20.718,0.382,1,0.2684,53
217_p-4E-BP1._T37-46_.50kDa,0.882166,1.724314,0.000001,1.718798,0.882167,0.188037,0.999999,1.948382,-21.343,-21.383,0.079,1,0.3891,45
218_ERBB2,0.708865,1.025186,0.000001,1.016602,0.708865,0.143209,0.999999,1.434125,-18.239,-18.396,0.314,1,0.2876,50
219_p-FoxO1._S319_-FoxO4._S262_,0.449161,0.705219,0.000000,0.709010,0.449162,0.088104,0.999999,1.578520,-7.687,-8.136,0.898,1,0.1717,53
220_p-GSK3alpha._S21_,0.555622,1.123282,0.000001,1.128849,0.555623,0.108991,0.999999,2.031683,-13.184,-13.354,0.339,1,0.2801,53
221_p-PKC_pan_betaII_S660_.100kDa,0.843064,1.826807,0.000001,1.868472,0.843065,0.165459,0.999999,2.216285,-26.184,-26.697,1.027,1,0.1555,53
222_p-PKC_pan_betaII_S660_.60kDa,0.885338,1.515715,0.000001,1.516482,0.885339,0.178850,0.999999,1.712883,-23.786,-23.964,0.356,1,0.2753,50
223_p-PKC_pan_betaII_S660_.80kDa,0.000000,0.897160,0.431326,0.907462,0.431327,0.085115,0.000001,2.080001,-5.943,-5.942,0.000,1,0.5,53
224_p-PKCpan._gammaT514_,0.000000,0.839772,0.236364,0.841297,0.236364,0.046389,0.000001,3.552874,9.555,9.555,0.000,1,0.5,53
225_p-PTEN._S380_,0.000000,0.999245,0.446012,1.017822,0.446013,0.088796,0.000001,2.240396,-6.943,-6.943,0.000,1,0.5,53
226_p-Rb._S807,811_,0.000001,1.726040,1.043042,1.752500,1.043043,0.205510,0.000001,1.654812,-28.966,-28.966,0.000,1,0.5,53
227_p-S6RibProt._S235-236_,0.334874,0.883579,0.000000,0.895150,0.334874,0.065716,0.999999,2.673093,-0.957,-1.203,0.492,1,0.2415,53
228_p-P70.S6.Kinase._T421-S424_,0.000000,1.148705,0.489536,1.164164,0.489537,0.097077,0.000001,2.346514,-9.199,-9.198,0.000,1,0.5,53
229_p-SGK._S422_,0.000000,0.419794,0.256620,0.424881,0.256620,0.050464,0.000001,1.635856,7.476,7.476,0.000,1,0.5,53
230_p-SGK._T256_,0.312795,0.904796,0.000000,0.917446,0.312795,0.061392,0.999999,2.933059,0.481,0.212,0.539,1,0.2315,53
231_SGK,0.000000,1.019149,0.388116,1.021604,0.388116,0.076075,0.000001,2.625886,-3.406,-3.406,0.000,1,0.5,53
232_p-Src._Y527_,0.758692,1.058495,0.000001,1.050959,0.758693,0.148796,0.999999,1.385223,-21.045,-21.189,0.287,1,0.296,53
233_STAT3A,0.000000,0.521871,0.250878,0.525988,0.250879,0.049348,0.000001,2.080173,8.091,8.092,0.000,1,0.5,53
234_STAT3B,0.000000,0.353835,0.253829,0.352330,0.253830,0.049500,0.000001,1.393989,7.101,7.107,0.000,1,0.5,53
235_BACT,0.054299,0.133801,0.000000,0.134915,0.054299,0.010653,0.999999,2.484655,47.002,46.808,0.387,1,0.267,53
236_ENO1,0.024514,0.050359,0.012127,0.050523,0.036642,0.007194,0.669034,1.374272,57.787,57.670,0.233,1,0.3145,53
237_FOXO3A,0.048080,0.143144,0.000000,0.143993,0.048080,0.009433,0.999999,2.994849,50.316,50.238,0.156,1,0.3464,53
238_IRF5,0.044181,0.090704,0.000000,0.090692,0.044181,0.008666,0.999999,2.052706,52.839,52.747,0.184,1,0.3338,53
240_SP1,0.050342,0.165622,0.000000,0.167615,0.050342,0.009881,0.999999,3.329527,48.091,47.929,0.324,1,0.2845,53
241_TBX19,0.000000,0.104352,0.047430,0.106286,0.047430,0.009436,0.000001,2.200139,51.333,51.333,0.000,1,0.5,53
242_ZNF289,0.097231,0.260646,0.000000,0.261794,0.097231,0.019074,0.999999,2.692497,32.152,32.097,0.109,1,0.3704,53
243_CDX1,0.098638,0.140840,0.001172,0.139605,0.099810,0.019575,0.988260,1.398698,31.700,31.601,0.198,1,0.3282,53
244_EP300,0.120700,0.238737,0.000000,0.238687,0.120700,0.023674,0.999999,1.977525,26.706,26.637,0.138,1,0.3551,53
245_ETV1,0.100353,0.200269,0.000000,0.201783,0.100353,0.019686,0.999999,2.010731,31.158,30.896,0.524,1,0.2346,53
246_EYA1,0.096333,0.126317,0.000000,0.126076,0.096333,0.018894,0.999999,1.308751,32.526,32.165,0.721,1,0.198,53
247_FOXJ2,0.094326,0.165975,0.000000,0.166102,0.094326,0.018501,0.999999,1.760927,33.074,32.939,0.270,1,0.3017,53
248_GSCL,0.000000,0.319148,0.082654,0.321507,0.082654,0.016509,0.000001,3.861261,37.418,37.424,0.000,1,0.5,53
249_HOXD9,0.000000,0.079795,0.066400,0.081639,0.066400,0.013060,0.000001,1.201741,42.585,42.585,0.000,1,0.5,53
250_IKZF4,0.000000,0.128456,0.076839,0.126565,0.076839,0.014884,0.000001,1.671748,37.145,37.191,0.000,1,0.5,53
251_KLF14,0.000000,0.148173,0.062839,0.148557,0.062839,0.012312,0.000001,2.357988,43.908,43.908,0.000,1,0.5,53
252_MLXIPL,0.077175,0.265114,0.000000,0.268361,0.077175,0.015150,0.999999,3.477306,36.832,36.686,0.292,1,0.2944,53
253_SOX4,0.073216,0.161216,0.000000,0.163336,0.073216,0.014366,0.999999,2.230861,38.802,38.458,0.689,1,0.2033,53
254_TFAP2,0.073495,0.134907,0.000000,0.138661,0.073495,0.014423,0.999999,1.886665,36.955,36.209,1.492,1,0.111,53
255_TFB1M,0.108883,0.358316,0.000000,0.363161,0.108883,0.021374,0.999999,3.335335,27.689,27.489,0.400,1,0.2636,53
256_TLX2,0.010415,0.080474,0.063486,0.082523,0.073901,0.014537,0.140933,1.090741,39.691,39.677,0.027,1,0.4347,53
257_TRIM56,0.062220,0.207965,0.000000,0.211477,0.062220,0.012443,0.999999,3.398880,39.594,39.405,0.376,1,0.2697,51
258_TUB,0.000000,0.368767,0.099077,0.372239,0.099078,0.019868,0.000001,3.722010,32.695,32.701,0.000,1,0.5,53
259_TULP1,0.000000,0.078433,0.052080,0.079522,0.052080,0.010239,0.000001,1.506006,48.931,48.931,0.000,1,0.5,53
260_ZNF12,0.080567,0.131105,0.000000,0.131704,0.080568,0.015956,0.999999,1.634698,36.283,35.954,0.657,1,0.2088,52
261_ZNF267,0.058946,0.145198,0.039207,0.146072,0.098153,0.019283,0.600551,1.481531,32.180,32.089,0.182,1,0.3348,53
262_ZNF319,0.079199,0.154369,0.008680,0.153991,0.087879,0.017239,0.901232,1.751755,35.014,35.006,0.016,1,0.4493,53
263_ZNF497,0.005626,0.121009,0.075814,0.123710,0.081440,0.016074,0.069084,1.487333,37.192,37.191,0.003,1,0.4791,53
264_ZNF575,0.057412,0.105415,0.023183,0.105543,0.080595,0.015819,0.712348,1.306066,37.285,37.147,0.276,1,0.2997,53
265_ZNF682,0.043782,0.115873,0.047589,0.116979,0.091370,0.018680,0.479166,1.269884,31.339,31.249,0.181,1,0.3354,49
266_ZNF691,0.070990,0.215875,0.000000,0.221231,0.070990,0.013942,0.999999,3.116383,35.364,35.258,0.213,1,0.3224,53
267_ZNF77,0.070307,0.178507,0.000000,0.179935,0.070307,0.013794,0.999999,2.559272,40.301,40.121,0.360,1,0.2743,53
268_ZNF778,0.000000,0.111942,0.071256,0.113798,0.071256,0.014037,0.000001,1.570982,40.795,40.796,0.000,1,0.5,53
269_BARHL2,0.000000,0.172578,0.056734,0.174161,0.056734,0.011274,0.000001,3.041886,47.000,47.002,0.000,1,0.5,53
270_BTF3,0.000000,0.126428,0.028218,0.127776,0.028218,0.005751,0.000001,4.480457,65.558,65.570,0.000,1,0.5,53
271_CCT4,0.036267,0.057075,0.000000,0.056964,0.036267,0.007113,0.999999,1.570692,57.968,57.782,0.373,1,0.2706,53
272_EBF2,0.027282,0.055189,0.000000,0.055666,0.027282,0.005403,0.999999,2.040413,63.662,63.413,0.497,1,0.2404,52
273_ENO1,0.039208,0.138928,0.000000,0.140208,0.039208,0.007695,0.999999,3.575990,55.031,54.934,0.195,1,0.3295,53
274_ESRRG,0.030517,0.071558,0.000000,0.072748,0.030517,0.005989,0.999999,2.383819,60.979,60.624,0.710,1,0.1998,53
275_GTF2F2,0.055535,0.077858,0.000000,0.077935,0.055535,0.010893,0.999999,1.403360,46.794,46.407,0.773,1,0.1896,53
276_HMGB3,0.000000,0.114596,0.038982,0.116354,0.038982,0.007821,0.000001,2.939739,56.580,56.581,0.000,1,0.5,53
277_IRF4,0.000000,0.054271,0.051880,0.054258,0.051880,0.010134,0.000001,1.046073,48.499,48.503,0.000,1,0.5,53
278_ISL2,0.037553,0.069552,0.000000,0.070048,0.037553,0.007367,0.999999,1.865311,56.751,56.462,0.579,1,0.2233,53
279_LMX1A,0.000000,0.082513,0.037578,0.083510,0.037578,0.007428,0.000001,2.195766,57.531,57.532,0.000,1,0.5,53
280_MED16,0.049745,0.160269,0.000000,0.162613,0.049745,0.009765,0.999999,3.268960,47.843,47.649,0.387,1,0.2668,53
281_NR2F6,0.043879,0.087510,0.000000,0.087730,0.043879,0.008607,0.999999,1.999380,52.931,52.815,0.233,1,0.3145,53
282_OVOL1,0.000000,0.131041,0.046081,0.131433,0.046081,0.009046,0.000001,2.843730,52.077,52.077,0.000,1,0.5,53
283_PAWR,0.038566,0.143634,0.000000,0.145087,0.038566,0.007570,0.999999,3.762081,55.188,55.065,0.245,1,0.3103,53
284_PCGF3,0.000000,0.032722,0.021980,0.032752,0.021980,0.004295,0.000001,1.488754,70.998,71.000,0.000,1,0.5,53
285_POU2AF1,0.000000,0.088896,0.042849,0.090627,0.042849,0.008515,0.000001,2.074614,53.948,53.948,0.000,1,0.5,53
286_PRDM14,0.051436,0.108032,0.000000,0.108947,0.051436,0.010091,0.999999,2.118110,48.459,48.209,0.500,1,0.2398,53
287_RAXL1,0.000000,0.030979,0.037278,0.031871,0.037278,0.007312,0.000001,0.831029,57.547,57.547,0.000,1,0.5,53
288_RBAK,0.000000,0.181624,0.078183,0.184011,0.078183,0.015495,0.000001,2.323067,38.497,38.498,0.000,1,0.5,53
289_SCRT1,0.039303,0.071066,0.000000,0.071360,0.039303,0.007709,0.999999,1.815657,55.718,55.458,0.521,1,0.2352,53
290_TRIM26,0.000000,0.029180,0.020787,0.029710,0.020787,0.004090,0.000001,1.403776,72.807,72.807,0.000,1,0.5,53
291_TWIST1,0.000000,0.096241,0.037517,0.097766,0.037517,0.007485,0.000001,2.565236,57.535,57.535,0.000,1,0.5,53
292_ZFP1,0.000000,0.073028,0.046773,0.072272,0.046773,0.009090,0.000001,1.561336,50.592,50.613,0.000,1,0.5,53
293_ZMYND11,0.002243,0.116548,0.056585,0.118853,0.058828,0.011675,0.038126,1.982309,45.661,45.661,0.000,1,0.4934,53
294_ZNF630,0.000000,0.074361,0.031734,0.074945,0.031734,0.006254,0.000001,2.343209,61.908,61.908,0.000,1,0.5,53
295_ZNF7,0.000000,0.111119,0.049096,0.111965,0.049096,0.009668,0.000001,2.263288,50.537,50.537,0.000,1,0.5,53
296_ZNF768,0.064363,0.107720,0.001334,0.107075,0.065697,0.012885,0.979689,1.629787,42.574,42.569,0.009,1,0.4616,53
297_AATF,0.055498,0.199748,0.000000,0.202220,0.055498,0.010993,0.999999,3.643732,44.338,44.176,0.325,1,0.2843,52
298_AIRE,0.033013,0.213615,0.000000,0.216729,0.033013,0.007642,0.999999,6.564881,36.752,37.114,0.000,1,0.5,37
299_CBFA2T3,0.046779,0.083607,0.000000,0.083307,0.046779,0.009264,0.999999,1.780862,50.378,50.307,0.142,1,0.3532,52
300_COPS2,0.044916,0.069207,0.000000,0.068946,0.044917,0.008895,0.999999,1.534972,51.396,51.267,0.259,1,0.3053,52
301_COPS5,0.000000,0.105080,0.051229,0.106709,0.051229,0.010237,0.000001,2.051203,48.441,48.441,0.000,1,0.5,52
302_ELF2,0.036977,0.071282,0.000000,0.072957,0.036977,0.007324,0.999999,1.973055,54.288,53.575,1.426,1,0.1162,52
303_ESR2,0.000000,0.075442,0.056480,0.077303,0.056481,0.011240,0.000001,1.335714,45.838,45.838,0.000,1,0.5,52
304_ETV4,0.035621,0.033594,0.000000,0.034082,0.035621,0.007054,0.999999,0.956799,56.563,55.152,2.822,1,0.04648,52
305_FOXN2,0.071861,0.102964,0.000000,0.102128,0.071861,0.014231,0.999999,1.421192,39.441,39.345,0.193,1,0.3302,52
306_GATA4,0.000000,0.096526,0.047563,0.097140,0.047563,0.009431,0.000001,2.029448,50.251,50.251,0.000,1,0.5,52
307_GFI1B,0.041602,0.141875,0.000000,0.143189,0.041602,0.008240,0.999999,3.441832,52.463,52.346,0.235,1,0.3139,52
308_HIVEP1,0.035634,0.051411,0.001791,0.050986,0.037425,0.007412,0.952135,1.362240,56.080,55.958,0.245,1,0.3103,52
309_HOXB7,0.000000,0.284342,0.066020,0.287788,0.066021,0.013601,0.000001,4.306866,42.438,42.446,0.000,1,0.5,52
310_NR2F2,0.030812,0.077596,0.000000,0.079201,0.030812,0.006103,0.999999,2.570484,58.550,58.181,0.737,1,0.1953,52
311_PAX8,0.005468,0.062114,0.054611,0.063932,0.060079,0.011932,0.091017,1.035076,44.197,44.191,0.013,1,0.455,52
312_PBX2,0.034458,0.100281,0.000000,0.100948,0.034458,0.006824,0.999999,2.929594,57.745,57.671,0.148,1,0.3501,52
313_PLRG1,0.058091,0.087521,0.000000,0.087410,0.058091,0.011504,0.999999,1.504718,44.789,44.509,0.560,1,0.2271,52
314_PREB,0.077207,0.460347,0.000000,0.467239,0.077207,0.017354,0.999999,6.051778,32.798,32.762,0.072,1,0.3942,47
315_RB1,0.031444,0.076014,0.000000,0.076787,0.031444,0.006228,0.999999,2.441991,59.821,59.511,0.621,1,0.2154,52
316_RUNX1,0.057657,0.158413,0.000000,0.160008,0.057657,0.011420,0.999999,2.775152,44.264,44.071,0.386,1,0.2672,52
317_GATA4,0.045829,0.125369,0.000000,0.125767,0.045829,0.009076,0.999999,2.744263,50.754,50.720,0.067,1,0.3975,52
318_TFAP2A,0.000000,0.073029,0.051721,0.073315,0.051721,0.010218,0.000001,1.411970,47.888,47.888,0.000,1,0.5,52
319_ZNF306,0.030346,0.104857,0.000000,0.105423,0.030346,0.006010,0.999999,3.474032,61.045,61.019,0.053,1,0.4093,52
320_ZNF286,0.046935,0.079384,0.000000,0.079604,0.046935,0.009295,0.999999,1.696039,50.136,49.864,0.543,1,0.2307,52
321_ZNF318,0.046421,0.093213,0.000000,0.094438,0.046421,0.009194,0.999999,2.034374,49.728,49.250,0.957,1,0.1639,52
322_ZNF419,0.060823,0.139906,0.000000,0.141373,0.060823,0.012799,0.999999,2.324319,37.740,37.443,0.594,1,0.2204,46
323_ZNF426,0.000000,0.057487,0.031959,0.058226,0.031959,0.006357,0.000001,1.798785,60.456,60.456,0.000,1,0.5,52
324_ZNF57,0.033666,0.063842,0.000000,0.063807,0.033666,0.006667,0.999999,1.895276,58.724,58.648,0.152,1,0.3485,52
326_CORO1A,0.000000,0.271774,0.099457,0.274368,0.099457,0.019711,0.000001,2.732573,32.331,32.333,0.000,1,0.5,53
327_DMTF1,0.000000,0.182705,0.094357,0.183078,0.094357,0.018461,0.000001,1.936313,33.245,33.246,0.000,1,0.5,53
328_ETS2,0.048380,0.172964,0.041322,0.174402,0.089702,0.017657,0.539341,1.934384,34.535,34.524,0.022,1,0.441,53
329_FOXI1,0.024483,0.083597,0.110830,0.087337,0.135314,0.026561,0.180938,0.618293,23.950,23.870,0.160,1,0.3448,53
330_FOXO3A,0.139725,0.321424,0.000000,0.324416,0.139725,0.027413,0.999999,2.321817,22.369,22.154,0.430,1,0.256,53
331_HLX,0.000000,0.293865,0.117186,0.297096,0.117186,0.023215,0.000001,2.507684,28.021,28.023,0.000,1,0.5,53
332_HOXA2,0.000000,0.146744,0.137915,0.151044,0.137915,0.027127,0.000001,1.064015,23.554,23.554,0.000,1,0.5,53
333_HOXC6,0.062753,0.083596,0.000000,0.083018,0.062753,0.012307,0.999999,1.322933,43.748,43.500,0.497,1,0.2405,53
334_HR,0.000000,0.403903,0.157527,0.409019,0.157527,0.031296,0.000001,2.564021,20.327,20.328,0.000,1,0.5,53
335_KEAP1,0.000000,0.399752,0.165092,0.405560,0.165092,0.032812,0.000001,2.421381,19.048,19.049,0.000,1,0.5,53
336_LRRC14,0.000000,0.062845,0.133493,0.067962,0.133493,0.026178,0.000001,0.470771,24.366,24.366,0.000,1,0.5,53
337_EVI1,0.094183,0.183582,0.026596,0.183616,0.120779,0.023703,0.779797,1.518027,26.758,26.661,0.193,1,0.3303,53
338_MKX,0.000000,0.221306,0.100383,0.223473,0.100383,0.019800,0.000001,2.204621,31.972,31.973,0.000,1,0.5,53
339_NY-REN-34,0.000000,0.337991,0.097839,0.341299,0.097839,0.019759,0.000001,3.454558,32.294,32.299,0.000,1,0.5,52
340_PSIP1,0.000000,0.788957,0.202242,0.797540,0.202242,0.040836,0.000001,3.901050,14.169,14.176,0.000,1,0.5,53
341_SETD4,0.000000,0.475098,0.193395,0.480934,0.193395,0.038352,0.000001,2.456617,14.980,14.981,0.000,1,0.5,53
342_SOX11,0.000000,0.119296,0.130736,0.117375,0.130736,0.025469,0.000001,0.912492,23.666,23.695,0.000,1,0.5,53
343_TRIM34,0.025321,0.090611,0.112479,0.094315,0.137800,0.027052,0.183755,0.658199,23.476,23.404,0.144,1,0.3524,53
344_URF2,0.138899,0.293698,0.000000,0.295777,0.138899,0.027248,0.999999,2.129446,22.729,22.503,0.452,1,0.2507,53
345_ZBTB33,0.000000,0.138139,0.293765,0.150193,0.293765,0.057623,0.000001,0.470236,3.871,3.871,0.000,1,0.5,53
346_ZNF182,0.010413,0.051740,0.074554,0.054439,0.084966,0.016680,0.122549,0.609535,36.070,36.032,0.076,1,0.3916,53
347_ZNF239,0.102928,0.336243,0.000000,0.338591,0.102928,0.020196,0.999999,3.289582,30.365,30.291,0.148,1,0.3503,53
348_ZNF276,0.103139,0.173927,0.000000,0.174232,0.103139,0.020230,0.999999,1.689294,30.714,30.407,0.614,1,0.2166,53
349_ZNF558,0.000000,0.208746,0.072283,0.211710,0.072283,0.014460,0.000001,2.887889,40.580,40.582,0.000,1,0.5,53
350_ZNF580,0.017339,0.093733,0.040070,0.095121,0.057409,0.011315,0.302032,1.637565,46.202,46.184,0.037,1,0.4235,53
351_EGR3,0.030446,0.068386,0.000000,0.070096,0.030446,0.005976,0.999999,2.302329,59.541,58.995,1.092,1,0.148,53
352_FBN1,0.000000,0.062763,0.018624,0.063302,0.018624,0.003711,0.000001,3.370015,76.044,76.048,0.000,1,0.5,53
353_HIPK2,0.000000,0.081511,0.035120,0.081879,0.035120,0.006895,0.000001,2.320920,59.139,59.140,0.000,1,0.5,53
354_HMX1,0.056734,0.064618,0.000000,0.064330,0.056735,0.011127,0.999999,1.133877,46.295,45.687,1.218,1,0.1349,53
355_IRF4,0.034260,0.068067,0.000000,0.068899,0.034260,0.006722,0.999999,2.011045,58.731,58.374,0.716,1,0.1988,53
356_FBXL11,0.027244,0.033024,0.003162,0.032682,0.030406,0.005964,0.896017,1.074362,62.609,62.259,0.699,1,0.2016,53
357_NPAS1,0.027178,0.092968,0.000000,0.093649,0.027178,0.005333,0.999999,3.445724,64.907,64.854,0.106,1,0.3727,53
358_UHRF2,0.000000,0.088583,0.029961,0.089705,0.029961,0.005985,0.000001,2.956561,63.545,63.547,0.000,1,0.5,53
359_ZBTB22,0.000000,0.067779,0.038977,0.068556,0.038977,0.007668,0.000001,1.738956,56.491,56.491,0.000,1,0.5,53
360_ZNF529,0.027558,0.066036,0.008258,0.066167,0.035816,0.007032,0.769437,1.844708,58.364,58.327,0.073,1,0.3934,53
361_ZNF645,0.045712,0.057423,0.000308,0.056752,0.046020,0.009025,0.993306,1.233193,51.829,51.643,0.371,1,0.2711,53
362_ATG4B,0.048908,0.135273,0.021132,0.135797,0.070039,0.014031,0.698291,1.934427,39.307,39.283,0.047,1,0.4137,51
363_BTF3,0.095579,0.426679,0.000000,0.431497,0.095579,0.019115,0.999999,4.514563,29.497,29.441,0.113,1,0.3686,51
364_C16orf80,0.064567,0.113431,0.020497,0.113290,0.085064,0.017194,0.759036,1.329412,33.723,33.613,0.220,1,0.3196,50
365_ELL2,0.031860,0.112159,0.031392,0.113172,0.063253,0.012692,0.503700,1.778441,41.891,41.851,0.080,1,0.3887,51
366_IKZF4,0.000000,0.197023,0.088013,0.199897,0.088013,0.017787,0.000001,2.238574,33.965,33.965,0.000,1,0.5,51
367_MED16,0.060108,0.149759,0.000000,0.153650,0.060108,0.012021,0.999999,2.556245,39.411,39.038,0.747,1,0.1937,51
368_MRPS15,0.000000,0.243420,0.078546,0.244970,0.078547,0.015837,0.000001,3.099059,36.930,36.932,0.000,1,0.5,51
369_MTA2,0.065705,0.171214,0.000000,0.172896,0.065705,0.013141,0.999999,2.631387,40.176,39.929,0.492,1,0.2415,51
370_PRDM2,0.058298,0.071408,0.007665,0.070646,0.065963,0.013194,0.883796,1.070423,40.786,40.441,0.689,1,0.2033,51
371_SMC1A,0.000000,0.085246,0.047445,0.086218,0.047445,0.009615,0.000001,1.796753,48.329,48.329,0.000,1,0.5,50
372_TARDBP,0.056763,0.131731,0.000000,0.133018,0.056763,0.011352,0.999999,2.343375,43.916,43.690,0.454,1,0.2503,51
373_TIAL1,0.083473,0.254169,0.000000,0.257819,0.083473,0.016694,0.999999,3.088663,33.235,32.994,0.483,1,0.2435,51
374_TRIM26,0.059598,0.101191,0.000000,0.102225,0.059598,0.012037,0.999999,1.715248,41.894,41.465,0.858,1,0.1772,50
376_ZFAND3,0.068178,0.094730,0.000000,0.095375,0.068178,0.013635,0.999999,1.398907,39.599,38.987,1.224,1,0.1343,51
377_ZMYND11,0.069563,0.236953,0.000000,0.241054,0.069563,0.013912,0.999999,3.465256,36.575,36.393,0.365,1,0.273,51
378_ZNF527,0.000000,0.255630,0.066486,0.259096,0.066486,0.013765,0.000001,3.844855,41.211,41.215,0.000,1,0.5,51
379_ZNF551,0.046812,0.111871,0.000000,0.112329,0.046812,0.009362,0.999999,2.399575,49.149,49.064,0.171,1,0.3398,51
380_ZNF688,0.014999,0.134068,0.053030,0.136196,0.068028,0.013717,0.220479,1.975941,40.150,40.146,0.009,1,0.462,51
381_ZSCAN2,0.000000,0.134760,0.051592,0.137048,0.051592,0.010513,0.000001,2.612002,47.251,47.252,0.000,1,0.5,51
382_ACTB,0.000000,1.296387,0.269635,1.314246,0.269635,0.063126,0.000001,4.807926,4.784,4.788,0.000,1,0.5,41
383_Akt1,0.000000,1.509535,0.228238,1.526669,0.228239,0.054236,0.000001,6.613845,8.959,8.987,0.000,1,0.5,42
384_Akt2,0.237117,1.443972,0.000000,1.471875,0.237117,0.061808,0.999999,6.207378,3.600,3.570,0.059,1,0.4042,35
385_ATF-2,0.000000,0.795110,0.287954,0.804645,0.287955,0.064308,0.000001,2.761233,3.362,3.364,0.000,1,0.5,42
386_Cyclin.D1,0.307160,1.754273,0.000000,1.802686,0.307160,0.076331,0.999999,5.868877,-6.383,-5.448,0.000,1,0.5,41
387_Cyclin.D3,0.261347,1.948050,0.000000,1.988453,0.261348,0.068454,0.999999,7.608458,-0.092,0.209,0.000,1,0.5,38
388_CDK2,0.268489,1.750333,0.000000,1.776409,0.268489,0.064946,0.999999,6.616309,3.465,3.436,0.058,1,0.405,41
389_P15.INK4B,0.000000,0.603758,0.279584,0.604678,0.279584,0.061572,0.000001,2.159489,3.612,3.613,0.000,1,0.5,42
390_CREB,0.000000,1.283394,0.235582,1.305107,0.235582,0.056037,0.000001,5.447756,7.310,7.310,0.000,1,0.5,42
391_4E-BP1,0.264157,1.404368,0.000000,1.436216,0.264158,0.063260,0.999999,5.436963,1.228,1.273,0.000,1,0.5,42
392_GAPDH,0.000000,1.237068,0.211947,1.253209,0.211947,0.049988,0.000001,5.836685,10.117,10.129,0.000,1,0.5,42
393_GSK3alpha,0.000000,1.488203,0.205109,1.508447,0.205110,0.050264,0.000001,7.255649,10.994,11.014,0.000,1,0.5,42
394_GSK3beta,0.000000,1.712586,0.337194,1.734550,0.337194,0.078193,0.000001,5.078929,0.474,0.481,0.000,1,0.5,42
395_JunB,0.000000,2.095759,0.343773,2.124735,0.343773,0.081901,0.000001,6.096340,0.150,0.160,0.000,1,0.5,42
396_Erk_1-2_,0.163464,0.680207,0.000000,0.694825,0.163464,0.037944,0.999999,4.250632,12.686,12.540,0.293,1,0.294,42
397_Met,0.000000,1.252809,0.304773,1.269687,0.304773,0.069562,0.000001,4.110627,2.349,2.352,0.000,1,0.5,42
398_mTOR,0.000000,2.974583,0.487941,3.009510,0.487942,0.114940,0.000001,6.096182,-6.790,-6.771,0.000,1,0.5,42
399_IkBalpha,0.000000,1.384869,0.391532,1.401645,0.391533,0.088293,0.000001,3.537043,-2.823,-2.820,0.000,1,0.5,42
400_PDK1,0.000000,2.528614,0.292555,2.550247,0.292555,0.070925,0.000001,8.643208,4.724,4.818,0.000,1,0.5,42
401_p65,0.000000,3.517759,0.399622,3.571596,0.399623,0.103998,0.000001,8.802702,-2.936,-2.926,0.000,1,0.5,42
402_RhoA,0.159436,0.617575,0.000000,0.626579,0.159436,0.036321,0.999999,3.929967,14.628,14.543,0.169,1,0.3405,42
403_P70.S6.Kinase,0.000000,2.091189,0.298596,2.102597,0.298596,0.068565,0.000001,7.003398,3.504,3.535,0.000,1,0.5,42
404_STAT1,0.000000,2.009716,0.406190,2.036798,0.406191,0.094181,0.000001,4.947714,-3.418,-3.412,0.000,1,0.5,42
406_ZAP70,0.165021,0.820489,0.000000,0.836954,0.165021,0.038867,0.999999,5.071790,12.349,12.267,0.162,1,0.3434,42
407_CDX2,0.251327,0.382673,0.000000,0.383734,0.251327,0.049291,0.999999,1.526832,7.505,7.181,0.646,1,0.2107,53
408_p-EphrinB._Y324-329_,0.000001,0.515720,0.502354,0.513168,0.502355,0.098028,0.000001,1.026604,-10.737,-10.729,0.000,1,0.5,53
409_EGR4,0.395002,0.554026,0.000000,0.550501,0.395002,0.077469,0.999999,1.393666,-4.080,-4.245,0.331,1,0.2826,53
410_ELF1,0.000000,0.425695,0.310349,0.418593,0.310350,0.060237,0.000001,1.371661,0.922,0.965,0.000,1,0.5,53
411_ERCC3,0.000000,0.844896,0.290573,0.855900,0.290573,0.058036,0.000001,2.907690,4.455,4.457,0.000,1,0.5,53
412_ERG,0.461812,2.082774,0.000001,2.109016,0.461812,0.092302,0.999999,4.566827,-10.455,-10.485,0.062,1,0.402,51
413_ESR1,0.000000,1.132012,0.431919,1.147233,0.431919,0.085966,0.000001,2.620886,-5.905,-5.904,0.000,1,0.5,53
414_ETV3,0.364793,2.076727,0.000000,2.101167,0.364794,0.071707,0.999999,5.759876,-5.632,-5.513,0.000,1,0.5,53
415_FOXJ1,0.161235,0.313071,0.000000,0.312590,0.161235,0.031623,0.999999,1.938724,19.202,19.185,0.035,1,0.4261,53
416_p-IRS-1._S612_,0.000000,0.754314,0.382951,0.758659,0.382951,0.075152,0.000001,1.969739,-2.997,-2.997,0.000,1,0.5,53
417_p-Mek_1-2_._S217-221_,0.000001,1.023434,0.512127,1.034629,0.512127,0.100936,0.000001,1.998397,-10.427,-10.427,0.000,1,0.5,53
418_MAZ,0.000000,0.499244,0.248406,0.503673,0.248407,0.048881,0.000001,2.009787,8.355,8.356,0.000,1,0.5,53
419_NFE2L3,0.219933,0.847186,0.000000,0.860181,0.219933,0.043194,0.999999,3.911097,8.198,8.101,0.195,1,0.3294,53
420_NFIC,0.000001,5.216662,0.728973,5.240689,0.728973,0.168651,0.000001,7.156176,-14.522,-14.495,0.000,1,0.5,41
421_OSR1,0.237282,0.426713,0.050480,0.426006,0.287763,0.056461,0.824576,1.478956,4.180,4.071,0.219,1,0.32,53
422_p-PDK1._S241_,0.250362,0.835395,0.000000,0.845548,0.250363,0.049144,0.999999,3.377295,6.326,6.176,0.301,1,0.2916,53
423_p-PKCzeta-lambda._Y410-403_,0.000000,0.326513,0.313742,0.328410,0.313742,0.061368,0.000001,1.040707,1.912,1.913,0.000,1,0.5,53
424_p-Raf._S259_,0.000000,0.474214,0.209485,0.480189,0.209485,0.041463,0.000001,2.263714,12.867,12.868,0.000,1,0.5,53
425_p-Raf._S338_,0.000000,1.080920,0.389021,1.095627,0.389022,0.077619,0.000001,2.778560,-3.169,-3.168,0.000,1,0.5,53
426_p-S6.ribosomal.protein._S240-244_,0.012502,0.667548,0.375196,0.681809,0.387698,0.076726,0.032248,1.722668,-3.362,-3.363,0.000,1,0.4923,53
427_SETD2,0.000000,0.277668,0.271088,0.266026,0.271088,0.053004,0.000001,1.024270,2.362,2.576,0.000,1,0.5,52
428_SYNE2,0.343636,0.934363,0.000000,0.947045,0.343636,0.072261,0.999999,2.755952,-1.740,-2.006,0.533,1,0.2327,46
429_ZNF207,0.000000,0.329309,0.290453,0.322822,0.290453,0.056446,0.000001,1.133776,2.583,2.629,0.000,1,0.5,53
430_ZNF253,0.000000,0.476034,0.323865,0.474546,0.323865,0.064434,0.000001,1.469852,0.747,0.751,0.000,1,0.5,51
431_ZNF414,0.226404,0.308373,0.000000,0.307201,0.226405,0.044405,0.999999,1.356867,10.353,10.075,0.558,1,0.2276,53
432_ZNF433,0.335198,1.242949,0.000000,1.254218,0.335199,0.065792,0.999999,3.741717,-0.800,-0.891,0.182,1,0.3347,53
433_ZNF701,0.357068,0.568125,0.000000,0.564796,0.357069,0.070029,0.999999,1.581757,-1.445,-1.504,0.117,1,0.3661,53
434_ZNF775,0.267583,0.818242,0.000000,0.827064,0.267583,0.052514,0.999999,3.090869,5.027,4.871,0.313,1,0.288,53
435_CREB5,0.039126,0.059687,0.000000,0.059975,0.039126,0.007674,0.999999,1.532869,55.788,55.430,0.716,1,0.1987,53
436_TLX2,0.052692,0.066179,0.000000,0.065524,0.052692,0.010538,0.999999,1.243511,46.389,46.143,0.493,1,0.2413,51
437_ZSCAN16,0.039799,0.123449,0.000000,0.125313,0.039799,0.007813,0.999999,3.148628,53.646,53.450,0.392,1,0.2657,53
438_ZNF688,0.000000,0.038019,0.017001,0.038217,0.017001,0.003339,0.000001,2.236254,78.017,78.017,0.000,1,0.5,53
439_AATF,0.038378,0.053161,0.000000,0.052731,0.038378,0.007527,0.999999,1.374006,56.547,56.420,0.254,1,0.3072,53
440_DIDO1,0.000000,0.171387,0.097574,0.174217,0.097575,0.019261,0.000001,1.756467,32.638,32.638,0.000,1,0.5,53
441_MYST4,0.000000,0.067790,0.068431,0.069896,0.068431,0.013452,0.000001,0.990638,41.776,41.776,0.000,1,0.5,53
